{
    "حي طويق": 0.09995956264222453,
    "حي النرجس": 0.08178653832430761,
    "حي العارض": 0.068584930344669,
    "حي المهدية": 0.06515171938059483,
    "حي الرمال": 0.06166300616075039,
    "حي بدر": 0.0534566012004345,
    "حي المونسية": 0.044116364443669176,
    "حي الملقا": 0.041032024801579435,
    "حي ظهرة لبن": 0.03232609953933128,
    "حي الياسمين": 0.03166007247008825,
    "حي عكاظ": 0.029836426923351384,
    "حي اليرموك": 0.02140801293995449,
    "حي الحزم": 0.020068029907786965,
    "حي القادسية": 0.01674582345525329,
    "حي القيروان": 0.0139865684541036,
    "حي قرطبة": 0.012773447720839512,
    "حي اشبيلية": 0.012424576398855068,
    "حي النهضة": 0.01225806963154431,
    "حي ظهرة نمار": 0.011243171240316839,
    "حي العريجاء الغربية": 0.011084593366687547,
    "حي حطين": 0.010822939875199214,
    "حي الدار البيضاء": 0.010759508725747496,
    "حي الصحافة": 0.010030050507052751,
    "حي العقيق": 0.008864503135877451,
    "حي الشفا": 0.008769356411699876,
    "حي طيبة": 0.007556235678435788,
    "حي الخليج": 0.007373871123762102,
    "حي العزيزية": 0.007001213120733264,
    "حي الندى": 0.0067871329913337195,
    "حي النسيم الغربي": 0.006255897114675589,
    "حي الجنادرية": 0.006216252646268267,
    "حي الربيع": 0.005344074341307158,
    "حي الحمراء": 0.004955558550915391,
    "حي النخيل": 0.004947629657233926,
    "حي النفل": 0.004900056295145138,
    "حي الوادي": 0.0048366251456934215,
    "حي الروضة": 0.004773193996241705,
    "حي السويدي": 0.004582900547886553,
    "حي السعادة": 0.004551184973160695,
    "حي غرناطة": 0.004535327185797766,
    "حي الشرق": 0.004503611611071907,
    "حي ضاحية نمار": 0.004495682717390442,
    "حي النظيم": 0.004154740289087464,
    "حي ديراب": 0.004123024714361605,
    "حي الاندلس": 0.004043735777546959,
    "حي الفلاح": 0.003845513435510343,
    "حي الزهرة": 0.0036790066681995862,
    "حي نمار": 0.0036472910934737274,
    "حي الازدهار": 0.0035917888377034754,
    "حي الملك فيصل": 0.003401495389348324,
    "حي المصيف": 0.003345993133578072,
    "حي العريجاء الوسطى": 0.003242917515719032,
    "حي العليا": 0.002981264024230699,
    "حي القدس": 0.0029495484495048407,
    "حي المروج": 0.002941619555823376,
    "حي المعيزلة": 0.002894046193734588,
    "حي عرقة": 0.0027830416821940833,
    "حي ظهرة البديعة": 0.0027751127885126186,
    "حي الملك فهد": 0.0025927482338389323,
    "حي الربوة": 0.0025293170843872156,
    "حي النسيم الشرقي": 0.0025055304033428216,
    "حي لبن": 0.0024658859349354985,
    "حي المنار": 0.0024658859349354985,
    "حي مطار الملك خالد الدولي": 0.0023548814233949936,
    "حي الروابي": 0.002346952529713529,
    "حي السويدي الغربي": 0.0022755924865803475,
    "حي أحد": 0.0020535834634993378,
    "حي بنبان": 0.001942578951958833,
    "حي المحمدية": 0.0019187922709144392,
    "حي السليمانية": 0.00190293448355151,
    "حي التعاون": 0.0017919299720110054,
    "حي الفيحاء": 0.001736427716240753,
    "حي الورود": 0.0017205699288778238,
    "حي الدريهمية": 0.001672996566789036,
    "حي الملز": 0.0016333520983817127,
    "حي المرسلات": 0.0016174943110187836,
    "حي الشهداء": 0.001585778736292925,
    "حي الريان": 0.0015302764805226728,
    "حي شبرا": 0.001395485287937774,
    "حي المغرزات": 0.0013875563942563093,
    "حي النزهة": 0.001355840819530451,
    "حي الغدير": 0.0012131207332640877,
    "حي المروة": 0.0011179740090865122,
    "حي الرحمانية": 0.0009831828165016135,
    "حي الجزيرة": 0.0009673250291386843,
    "حي السلام": 0.0009673250291386843,
    "حي الواحة": 0.0008404627302352502,
    "حي الرفيعة": 0.0007294582186947456,
    "حي المعذر الشمالي": 0.0006184537071542408,
    "حي الزهراء": 0.0005629514513839884,
    "حي الملك عبدالله": 0.0005470936640210592,
    "حي سلطانة": 0.0005470936640210592,
    "حي المنصورة": 0.0005153780892952006,
    "حي جرير": 0.00048366251456934215,
    "حي ام الحمام الغربي": 0.00046780472720641287,
    "حي جامعة الأميرة نورة": 0.00041230247143616053,
    "حي العريجاء": 0.00041230247143616053,
    "حي الرائد": 0.00033301353462151427,
    "حي المربع": 0.00028544017253272653,
    "حي البديعة": 0.00028544017253272653,
    "حي الخالدية": 0.000253724597806868,
    "حي اليمامة": 0.00022993791676247414,
    "حي الفاخرية": 0.00022993791676247414,
    "حي ام الحمام الشرقي": 0.00020615123571808027,
    "حي الفاروق": 0.00020615123571808027,
    "حي الغنامية": 0.00019822234203661562,
    "حي الصفا": 0.00019822234203661562,
    "حي الضباط": 0.0001823645546736864,
    "حي صلاح الدين": 0.0001585778736292925,
    "حي الملك عبدالعزيز": 0.0001585778736292925,
    "حي الحائر": 0.00015064897994782788,
    "حي الخزامى": 0.00014272008626636326,
    "حي الاسكان": 0.000126862298903434,
    "حي عليشة": 0.00011100451154050475,
    "حي عريض": 0.00010307561785904013,
    "حي الهدا": 9.51467241775755e-05,
    "حي الشرفية": 9.51467241775755e-05,
    "حي المؤتمرات": 9.51467241775755e-05,
    "حي جامعة الملك سعود": 7.136004313318163e-05,
    "حي المناخ": 7.136004313318163e-05,
    "حي العمل": 7.136004313318163e-05,
    "حي المعذر": 7.136004313318163e-05,
    "حي المدينة الصناعية الجديدة": 6.3431149451717e-05,
    "حي المنصورية": 6.3431149451717e-05,
    "حي ام سليم": 5.5502255770252374e-05,
    "حي منفوحة الجديدة": 5.5502255770252374e-05,
    "حي المصانع": 5.5502255770252374e-05,
    "حي عتيقة": 5.5502255770252374e-05,
    "حي الوشام": 4.757336208878775e-05,
    "حي السلي": 4.757336208878775e-05,
    "حي جامعة الامام محمد بن سعود الاسلامية": 3.9644468407323124e-05,
    "حي البرية": 3.9644468407323124e-05,
    "حي منفوحة": 3.17155747258585e-05,
    "حي غبيرة": 3.17155747258585e-05,
    "حي الفوطة": 3.17155747258585e-05,
    "حي النموذجية": 3.17155747258585e-05,
    "حي المصفاة": 2.3786681044393876e-05,
    "حي الديرة": 2.3786681044393876e-05,
    "حي الوزارات": 2.3786681044393876e-05,
    "حي مركز الملك عبدالله للدراسات والبحوث": 2.3786681044393876e-05,
    "حي ثليم": 2.3786681044393876e-05,
    "حي خشم العان": 2.3786681044393876e-05,
    "حي الجرادية": 1.585778736292925e-05,
    "حي الفيصلية": 1.585778736292925e-05,
    "حي الرماية": 7.928893681464625e-06,
    "حي النور": 7.928893681464625e-06,
    "حي الدوبية": 7.928893681464625e-06,
    "حي الصناعية": 7.928893681464625e-06,
    "حي المشاعل": 7.928893681464625e-06,
    "حي صياح": 7.928893681464625e-06
}