{
  "حي المعيزلة": [
    24.7935103449465,
    46.83977901587599
  ],
  "حي السليمانية": [
    24.70076247627316,
    46.70234494146897
  ],
  "حي الرمال": [
    24.9649295062963,
    46.76537502513544
  ],
  "حي الياسمين": [
    24.82287029208302,
    46.6437839146924
  ],
  "حي الحمراء": [
    24.775489561034,
    46.75318346839502
  ],
  "حي الفيحاء": [
    24.68194407858728,
    46.8114809011491
  ],
  "حي النفل": [
    24.78188186743182,
    46.67328476973488
  ],
  "حي العريجاء الغربية": [
    24.59817349768183,
    46.59928918294095
  ],
  "حي اليرموك": [
    24.80805797012898,
    46.78282709704332
  ],
  "حي نمار": [
    24.56910060759365,
    46.67788424379371
  ],
  "حي ظهرة البديعة": [
    24.59770968617865,
    46.64950501908437
  ],
  "حي الاندلس": [
    24.74349106386322,
    46.78861605862821
  ],
  "حي الملز": [
    24.66291001041152,
    46.73442649987481
  ],
  "حي الحزم": [
    24.53844917234298,
    46.64547077843005
  ],
  "حي الدار البيضاء": [
    24.56521843588296,
    46.7915159911935
  ],
  "حي ظهرة لبن": [
    24.62902716581658,
    46.54169334265634
  ],
  "حي النهضة": [
    24.76050710272603,
    46.81598972061492
  ],
  "حي الخليج": [
    24.77679478447569,
    46.80347493081621
  ],
  "حي النظيم": [
    24.86154110246875,
    46.9725003088316
  ],
  "حي العليا": [
    24.69310154895811,
    46.68446846736393
  ],
  "حي المنصورة": [
    24.60884966019009,
    46.74509063440505
  ],
  "حي ام الحمام الغربي": [
    24.68996811808275,
    46.64452989237871
  ],
  "حي طويق": [
    24.56463641685248,
    46.52919012332073
  ],
  "حي العزيزية": [
    24.58763179076972,
    46.77012437115944
  ],
  "حي القادسية": [
    24.82133825479297,
    46.82482289919005
  ],
  "حي النرجس": [
    24.88684262233082,
    46.64524396376864
  ],
  "حي طيبة": [
    24.54397931610298,
    46.83033029340951
  ],
  "حي عكاظ": [
    24.51212594125574,
    46.66482582217053
  ],
  "حي الجنادرية": [
    24.87442483667921,
    46.9143483492193
  ],
  "حي العريجاء الوسطى": [
    24.6079244289978,
    46.63785944028267
  ],
  "حي الفاخرية": [
    24.64162163851433,
    46.68283054764466
  ],
  "حي الجزيرة": [
    24.66511638385222,
    46.7964253693608
  ],
  "حي الشفا": [
    24.56494114686796,
    46.6985071723021
  ],
  "حي ديراب": [
    24.51185721472104,
    46.61879872209216
  ],
  "حي النسيم الغربي": [
    24.72563805431918,
    46.82398913717676
  ],
  "حي المربع": [
    24.66017938921427,
    46.70797945649666
  ],
  "حي الاسكان": [
    24.57459168425464,
    46.84845689077739
  ],
  "حي جرير": [
    24.67811110955052,
    46.7507723520986
  ],
  "حي الروضة": [
    24.73410629086245,
    46.76710388115951
  ],
  "حي المونسية": [
    24.83214673050479,
    46.76759728316053
  ],
  "حي بدر": [
    24.52553073857864,
    46.72608331130344
  ],
  "حي سلطانة": [
    24.60519623366262,
    46.68808225951698
  ],
  "حي الملك فيصل": [
    24.76186048929845,
    46.77507171251172
  ],
  "حي ظهرة نمار": [
    24.56910060759365,
    46.67788424379371
  ],
  "حي قرطبة": [
    24.81540443848763,
    46.7338002150654
  ],
  "حي القيروان": [
    24.87608281699206,
    46.56083488127312
  ],
  "حي العارض": [
    24.89791186491557,
    46.60190662944147
  ],
  "حي السويدي الغربي": [
    24.57370957508843,
    46.62487755652668
  ],
  "حي الربوة": [
    24.69329969231858,
    46.75676196945607
  ],
  "حي ضاحية نمار": [
    24.50585420752357,
    46.54043701229315
  ],
  "حي شبرا": [
    24.57735578762444,
    46.66941588505371
  ],
  "حي الشرق": [
    24.886090241347,
    46.8682504095607
  ],
  "حي البديعة": [
    24.61690315968715,
    46.68047898964404
  ],
  "حي المروة": [
    24.54057711940026,
    46.67577553137223
  ],
  "حي القدس": [
    24.75480392606461,
    46.75393596570409
  ],
  "حي المهدية": [
    24.65167445571353,
    46.51541587976576
  ],
  "حي الصحافة": [
    24.79995056626134,
    46.63900578087707
  ],
  "حي الغدير": [
    24.77357275541046,
    46.65399189627933
  ],
  "حي الازدهار": [
    24.78060574405124,
    46.71747772886052
  ],
  "حي العقيق": [
    24.77361510465287,
    46.62998724926617
  ],
  "حي الورود": [
    24.72444661242821,
    46.67849644482909
  ],
  "حي بنبان": [
    24.99043792001221,
    46.52787928445816
  ],
  "حي غبيرة": [
    24.6203127563219,
    46.73581313260252
  ],
  "حي السلام": [
    24.70726336003318,
    46.81093160623682
  ],
  "حي مطار الملك خالد الدولي": [
    24.92473070299788,
    46.70068890342268
  ],
  "حي الزهرة": [
    24.57865190830597,
    46.64574222112573
  ],
  "حي اشبيلية": [
    24.79236116091196,
    46.79208711121719
  ],
  "حي عريض": [
    24.44900979018831,
    46.72749482231022
  ],
  "حي الملقا": [
    24.79897067226385,
    46.5975493466178
  ],
  "حي عرقة": [
    24.68984261477247,
    46.58736656271631
  ],
  "حي الحائر": [
    24.42102898661393,
    46.88594847309182
  ],
  "حي الفلاح": [
    24.79701902431654,
    46.70920363409208
  ],
  "حي المرسلات": [
    24.74886478094069,
    46.68991034935064
  ],
  "حي الشهداء": [
    24.78817201648999,
    46.73543509108958
  ],
  "حي الصفا": [
    24.66703327710506,
    46.76562075201469
  ],
  "حي منفوحة الجديدة": [
    24.61277345911114,
    46.71846243151364
  ],
  "حي العمل": [
    24.64591965479989,
    46.72268573157989
  ],
  "حي المحمدية": [
    24.73257720439605,
    46.65022025348195
  ],
  "حي السعادة": [
    24.69599385189885,
    46.83928460375438
  ],
  "حي الريان": [
    24.71225621931125,
    46.77803900032553
  ],
  "حي الدريهمية": [
    24.58976152471329,
    46.69632548905034
  ],
  "حي لبن": [
    24.63143246400191,
    46.6109663866094
  ],
  "حي السويدي": [
    24.59204997437187,
    46.67335021181947
  ],
  "حي حطين": [
    24.76213526964789,
    46.60067428270771
  ],
  "حي عتيقة": [
    24.59957780086734,
    46.7079344134165
  ],
  "حي أحد": [
    24.4898300604982,
    46.63518865715481
  ],
  "حي الوادي": [
    24.78944922348053,
    46.69123408799574
  ],
  "حي النسيم الشرقي": [
    24.73866499267876,
    46.8455338554649
  ],
  "حي الملك فهد": [
    24.74061873481431,
    46.67036431536215
  ],
  "حي العريجاء": [
    24.62494699310574,
    46.65665548744584
  ],
  "حي الزهراء": [
    24.6863616868107,
    46.73024380243604
  ],
  "حي النزهة": [
    24.75643455123612,
    46.70788845775564
  ],
  "حي التعاون": [
    24.77304266462671,
    46.69951600173385
  ],
  "حي غرناطة": [
    24.7956949688582,
    46.75329808805942
  ],
  "حي المدينة الصناعية الجديدة": [
    24.54379998519569,
    46.90017154064293
  ],
  "حي اليمامة": [
    24.59538724578376,
    46.71667761068769
  ],
  "حي الخالدية": [
    24.62452432374952,
    46.75523575937497
  ],
  "حي الضباط": [
    24.67837111695366,
    46.72239557540918
  ],
  "حي الندى": [
    24.80584126047096,
    46.68297090011124
  ],
  "حي الربيع": [
    24.79546792708101,
    46.6612119560268
  ],
  "حي المعذر الشمالي": [
    24.69113431201009,
    46.66676161777215
  ],
  "حي الروابي": [
    24.69527181579181,
    46.79033767065839
  ],
  "حي المروج": [
    24.75722679347694,
    46.66196632724864
  ],
  "حي المصيف": [
    24.76546903918389,
    46.68153064798892
  ],
  "حي المنار": [
    24.72535178641663,
    46.79726828633305
  ],
  "حي المغرزات": [
    24.76412245224747,
    46.72575286361304
  ],
  "حي الرحمانية": [
    24.71612668215266,
    46.65934351869885
  ],
  "حي المصانع": [
    24.55809186326787,
    46.74711662055142
  ],
  "حي النخيل": [
    24.74324684077845,
    46.62496127358493
  ],
  "حي صلاح الدين": [
    24.73337904275197,
    46.697755909354
  ],
  "حي الرفيعة": [
    24.6398258812223,
    46.66158875775313
  ],
  "حي الغنامية": [
    24.47839031177613,
    46.81535665882843
  ],
  "حي ثليم": [
    24.64099474525389,
    46.72769632955869
  ],
  "حي الملك عبدالله": [
    24.73323091722273,
    46.74355304206512
  ],
  "حي الملك عبدالعزيز": [
    24.71815512623493,
    46.72357496328971
  ],
  "حي المناخ": [
    24.60888305936684,
    46.80220324246913
  ],
  "حي مركز الملك عبدالله للدراسات والبحوث": [
    24.749947,
    46.623241
  ],